{
  "dist/app.js": "dist/app-1f26a189c3.js",
  "dist/bootgrid.js": "dist/bootgrid-862d128fa2.js",
  "dist/dark.css": "dist/dark-bb108be737.css",
  "dist/inline_player.js": "dist/inline_player-cc8f01f2dd.js",
  "dist/lib/autosize/autosize.min.js": "dist/lib/autosize/autosize-ad0656589d.min.js",
  "dist/lib/bootstrap-notify/bootstrap-notify.min.js": "dist/lib/bootstrap-notify/bootstrap-notify-a02f92a499.min.js",
  "dist/lib/bootstrap/bootstrap.bundle.min.js": "dist/lib/bootstrap/bootstrap-a454220fc0.bundle.min.js",
  "dist/lib/chosen/chosen.jquery.min.js": "dist/lib/chosen/chosen-3e9f1dcb9c.jquery.min.js",
  "dist/lib/chosen/chosen.min.css": "dist/lib/chosen/chosen-d7ca5ca944.min.css",
  "dist/lib/clipboard/clipboard.min.js": "dist/lib/clipboard/clipboard-f06c52bfdd.min.js",
  "dist/lib/codemirror/codemirror.css": "dist/lib/codemirror/codemirror-288352df06.css",
  "dist/lib/codemirror/codemirror.js": "dist/lib/codemirror/codemirror-8b8310975e.js",
  "dist/lib/codemirror/css.js": "dist/lib/codemirror/css-d077d15f3b.js",
  "dist/lib/codemirror/material.css": "dist/lib/codemirror/material-32926db483.css",
  "dist/lib/daterangepicker/daterangepicker.css": "dist/lib/daterangepicker/daterangepicker-b57cd76935.css",
  "dist/lib/daterangepicker/daterangepicker.js": "dist/lib/daterangepicker/daterangepicker-414394ce73.js",
  "dist/lib/fancybox/jquery.fancybox.min.css": "dist/lib/fancybox/jquery-a2d4258429.fancybox.min.css",
  "dist/lib/fancybox/jquery.fancybox.min.js": "dist/lib/fancybox/jquery-3bdfcef623.fancybox.min.js",
  "dist/lib/flowjs/flow.min.js": "dist/lib/flowjs/flow-8c41da7745.min.js",
  "dist/lib/fullcalendar/fullcalendar.min.css": "dist/lib/fullcalendar/fullcalendar-96cda8d2e4.min.css",
  "dist/lib/fullcalendar/fullcalendar.min.js": "dist/lib/fullcalendar/fullcalendar-6c6cad1ac0.min.js",
  "dist/lib/fullcalendar/locale-all.js": "dist/lib/fullcalendar/locale-all-5ad636203b.js",
  "dist/lib/highcharts/exporting.js": "dist/lib/highcharts/exporting-2aa199d986.js",
  "dist/lib/highcharts/highcharts-more.js": "dist/lib/highcharts/highcharts-more-76677a4954.js",
  "dist/lib/highcharts/highcharts.js": "dist/lib/highcharts/highcharts-f271cabe5a.js",
  "dist/lib/highcharts/map.js": "dist/lib/highcharts/map-bf59b1beb1.js",
  "dist/lib/jquery-sortable/jquery-sortable-min.js": "dist/lib/jquery-sortable/jquery-sortable-min-e711561b1b.js",
  "dist/lib/jquery/jquery.min.js": "dist/lib/jquery/jquery-a09e13ee94.min.js",
  "dist/lib/lodash/lodash.min.js": "dist/lib/lodash/lodash-62acde2a26.min.js",
  "dist/lib/moment-timezone/moment-timezone-with-data.min.js": "dist/lib/moment-timezone/moment-timezone-with-data-a3f47b4858.min.js",
  "dist/lib/moment/moment-with-locales.min.js": "dist/lib/moment/moment-with-locales-ecfccffc84.min.js",
  "dist/lib/proj4/proj4.js": "dist/lib/proj4/proj4-d679f3b9a0.js",
  "dist/lib/store/store.min.js": "dist/lib/store/store-2a66d57f0e.min.js",
  "dist/lib/sweetalert/sweetalert.min.js": "dist/lib/sweetalert/sweetalert-f3b8ce97ff.min.js",
  "dist/lib/vue-i18n/vue-i18n.min.js": "dist/lib/vue-i18n/vue-i18n-f71168eab6.min.js",
  "dist/lib/vue/vue.js": "dist/lib/vue/vue-5424a463b5.js",
  "dist/lib/vue/vue.min.js": "dist/lib/vue/vue-f15aee8488.min.js",
  "dist/lib/zxcvbn/zxcvbn.js": "dist/lib/zxcvbn/zxcvbn-9cf6916dc0.js",
  "dist/light.css": "dist/light-87207a9346.css",
  "dist/material.js": "dist/material-ad7c414bdf.js",
  "dist/radio_player.js": "dist/radio_player-8ef16d8d0c.js",
  "dist/webcaster.js": "dist/webcaster-9c100185e9.js",
  "dist/zxcvbn.js": "dist/zxcvbn-f4433cd930.js"
}